experiment,shape,n,algorithm,ms,compares,moves,extraBytes,maxDepth,sorted,stable
shape,random,100000,mergeSort,8.8585,1536399,3337856,800000,18,1,1
shape,random,100000,quickSort,6.8230,2414453,1715901,0,12,1,0
shape,random,100000,heapSort,8.8146,3019678,4725183,0,1,1,0
shape,sorted,100000,mergeSort,3.3371,815024,3337856,800000,18,1,1
shape,sorted,100000,quickSort,2.2536,2147078,499995,0,16,1,1
shape,sorted,100000,heapSort,5.0515,3112517,4952562,0,1,1,1
shape,reversed,100000,mergeSort,3.6752,853904,3337856,800000,18,1,1
shape,reversed,100000,quickSort,3.4504,3742293,998172,0,16,1,1
shape,reversed,100000,heapSort,5.2219,2926640,4492302,0,1,1,1
shape,duplicates,100000,mergeSort,5.3684,1502759,3337856,800000,18,1,1
shape,duplicates,100000,quickSort,3.2227,2196789,2436930,0,15,1,0
shape,duplicates,100000,heapSort,5.6736,2870423,4444707,0,1,1,0
growth,random,1000,mergeSort,0.0377,8674,19952,8000,11,1,1
growth,random,1000,quickSort,0.0318,16057,12363,0,7,1,1
growth,random,1000,heapSort,0.0387,16899,27354,0,1,1,1
growth,random,2000,mergeSort,0.1011,19346,43904,16000,12,1,1
growth,random,2000,quickSort,0.0892,35264,26109,0,8,1,0
growth,random,2000,heapSort,0.1011,37706,60699,0,1,1,0
growth,random,4000,mergeSort,0.2429,42746,95808,32000,13,1,1
growth,random,4000,quickSort,0.1987,72889,55518,0,8,1,0
growth,random,4000,heapSort,0.2330,83482,133254,0,1,1,0
growth,random,8000,mergeSort,0.5381,93574,207616,64000,14,1,1
growth,random,8000,quickSort,0.4362,158506,115767,0,9,1,0
growth,random,8000,heapSort,0.5186,183008,290238,0,1,1,0
growth,random,16000,mergeSort,1.1825,203232,447232,128000,15,1,1
growth,random,16000,quickSort,0.9569,337367,243624,0,10,1,0
growth,random,16000,heapSort,1.1501,397920,628305,0,1,1,0
growth,random,32000,mergeSort,2.5629,438669,958464,256000,16,1,1
growth,random,32000,quickSort,2.0062,708990,509301,0,10,1,0
growth,random,32000,heapSort,2.5398,859498,1351896,0,1,1,0
growth,random,64000,mergeSort,5.5016,941184,2044928,512000,17,1,1
growth,random,64000,quickSort,4.2440,1503145,1062552,0,11,1,0
growth,random,64000,heapSort,5.3797,1846552,2894634,0,1,1,0
growth,random,128000,mergeSort,11.5528,2010485,4345856,1024000,18,1,1
growth,random,128000,quickSort,8.8587,3127037,2226408,0,12,1,0
growth,random,128000,heapSort,11.6168,3949654,6175710,0,1,1,0
growth,random,256000,mergeSort,24.5099,4276847,9203712,2048000,19,1,1
growth,random,256000,quickSort,18.4551,6754955,4610949,0,12,1,0
growth,random,256000,heapSort,25.1921,8410770,13115523,0,1,1,0
growth,random,512000,mergeSort,52.3848,9065382,19431424,4096000,20,1,1
growth,random,512000,quickSort,39.2458,14226680,9646992,0,13,1,0
growth,random,512000,heapSort,56.8840,17844994,27768810,0,1,1,0
growth,random,1024000,mergeSort,111.0334,19154590,40910848,8192000,21,1,1
growth,random,1024000,quickSort,82.5441,28891864,20212785,0,14,1,0
growth,random,1024000,heapSort,141.1566,37738196,58607775,0,1,1,0
